stable_id,topic_id,topic_group,knowledge_point,year,exam_time,question_number,question_summary,topic_priority,review_status,practice_count,last_practiced,source_pdf,source_page,source_text_file,source_image,original_question_text,answer_notes,raw_text
t01_2023_q1a,1,1. 数据清洗、数据整理、ETL/ELT、数据一致性,数据清洗的必要性、operational data,2023,2 May 13:00-15:00,Q1(a),解释为什么医院 operational data 在分析前必须清洗，并说明可用资源,high,new,1,2026-04-30 12:45,paper/DAwHPC-ExamPaper-2023.pdf,2,extracted/text/DAwHPC-ExamPaper-2023_page_02.txt,extracted/images/DAwHPC-ExamPaper-2023_page_02.png,"(a) The dataset is an example of Operational data which has not been gathered
for a speciﬁc analysis. Explain why it is vital to clean this data before it is
made available for analysis, and state two resources you could use to assist
with the cleaning.
[3 marks]",,"数据清洗的必要性、operational data	2023, 2 May 13:00-15:00	Q1(a)	解释为什么医院 operational data 在分析前必须清洗，并说明可用资源"
t01_2023_q1c,1,1. 数据清洗、数据整理、ETL/ELT、数据一致性,数据清洗 workflow 设计,2023,2 May 13:00-15:00,Q1(c),针对医院 CSV 数据制定完整 cleaning plan,high,new,1,2026-04-30 12:45,paper/DAwHPC-ExamPaper-2023.pdf,2,extracted/text/DAwHPC-ExamPaper-2023_page_02.txt,extracted/images/DAwHPC-ExamPaper-2023_page_02.png,"(c) Create a plan for cleaning the dataset above, providing speciﬁc examples of
tasks at each step in the Data Cleaning workﬂow. You should assume that
HPC is not required for this task.
[12 marks]",,"数据清洗 workflow 设计	2023, 2 May 13:00-15:00	Q1(c)	针对医院 CSV 数据制定完整 cleaning plan"
t01_2023_q1d,1,1. 数据清洗、数据整理、ETL/ELT、数据一致性,验证清洗后数据中的统计假设,2023,2 May 13:00-15:00,Q1(d),用 cleaned data 验证不同 admission type 的 length of stay 差异,high,new,1,2026-04-30 12:45,paper/DAwHPC-ExamPaper-2023.pdf,2,extracted/text/DAwHPC-ExamPaper-2023_page_02.txt,extracted/images/DAwHPC-ExamPaper-2023_page_02.png,"(d) Brieﬂy describe how you could verify the following statement using the
cleaned data: “For each hospital, the average length of stay per year should
be much higher for transfers than any other admission type”.
[2 marks]",,"验证清洗后数据中的统计假设	2023, 2 May 13:00-15:00	Q1(d)	用 cleaned data 验证不同 admission type 的 length of stay 差异"
t01_2024_q1aii,1,1. 数据清洗、数据整理、ETL/ELT、数据一致性,tidy data 三原则,2024,6 May 13:00-15:00,Q1(a)(ii),直接问 tidy data 的三条原则,high,new,1,2026-04-30 12:45,paper/HPDA_Exam_Questions_2023_24.pdf,2,extracted/text/HPDA_Exam_Questions_2023_24_page_02.txt,extracted/images/HPDA_Exam_Questions_2023_24_page_02.png,"ii. State the three main principles of tidy data.
[3 marks]",,"tidy data 三原则	2024, 6 May 13:00-15:00	Q1(a)(ii)	直接问 tidy data 的三条原则"
t01_2024_q1ai,1,1. 数据清洗、数据整理、ETL/ELT、数据一致性,streaming dataset 数据一致性清洗,2024,6 May 13:00-15:00,Q1(a)(i),针对音乐播放数据说明如何使数据 consistent,high,new,1,2026-04-30 12:45,paper/HPDA_Exam_Questions_2023_24.pdf,2,extracted/text/HPDA_Exam_Questions_2023_24_page_02.txt,extracted/images/HPDA_Exam_Questions_2023_24_page_02.png,"i. Describe the steps that could be taken to make the streaming dataset
consistent.
[3 marks]",,"streaming dataset 数据一致性清洗	2024, 6 May 13:00-15:00	Q1(a)(i)	针对音乐播放数据说明如何使数据 consistent"
t01_2024_q1aiii,1,1. 数据清洗、数据整理、ETL/ELT、数据一致性,common untidiness issue,2024,6 May 13:00-15:00,Q1(a)(iii),识别数据表中的 untidy 问题并提出修复方法,high,new,1,2026-04-30 12:45,paper/HPDA_Exam_Questions_2023_24.pdf,2,extracted/text/HPDA_Exam_Questions_2023_24_page_02.txt,extracted/images/HPDA_Exam_Questions_2023_24_page_02.png,"iii. Which common data untidiness issue can be seen in the streaming
dataset?
Suggest an approach to fix the issue in this dataset.
[3 marks]",,"common untidiness issue	2024, 6 May 13:00-15:00	Q1(a)(iii)	识别数据表中的 untidy 问题并提出修复方法"
t01_2022_q2ai,1,1. 数据清洗、数据整理、ETL/ELT、数据一致性,raw data / DICOM metadata cleaning,2022,13 May 13:00-15:00,Q2(a)(i),找出 DICOM 表格中 technically incorrect 的 raw data 并说明清洗步骤,high,new,1,2026-04-30 12:45,paper/DAwHPC-ExamPaper-2022.pdf,5,extracted/text/DAwHPC-ExamPaper-2022_page_05.txt,extracted/images/DAwHPC-ExamPaper-2022_page_05.png,"i. DICOM can be viewed as a raw data format. Provide two examples
of raw data from the tables above that are not technically correct. For
each, identify a cleaning step which could be applied to that data.
[4 marks]",,"raw data / DICOM metadata cleaning	2022, 13 May 13:00-15:00	Q2(a)(i)	找出 DICOM 表格中 technically incorrect 的 raw data 并说明清洗步骤"
t01_2022_q2aii,1,1. 数据清洗、数据整理、ETL/ELT、数据一致性,数据一致性类型,2022,13 May 13:00-15:00,Q2(a)(ii),说明 DICOM metadata 中违反了哪些 consistency,high,new,1,2026-04-30 12:45,paper/DAwHPC-ExamPaper-2022.pdf,5,extracted/text/DAwHPC-ExamPaper-2022_page_05.txt,extracted/images/DAwHPC-ExamPaper-2022_page_05.png,"ii. What types of data consistency are violated, and how?
[4 marks]",,"数据一致性类型	2022, 13 May 13:00-15:00	Q2(a)(ii)	说明 DICOM metadata 中违反了哪些 consistency"
t01_2022_q1a,1,1. 数据清洗、数据整理、ETL/ELT、数据一致性,ETL vs ELT,2022,13 May 13:00-15:00,Q1(a),三个场景判断 ETL 或 ELT，并给出理由,high,new,1,2026-04-30 12:45,paper/DAwHPC-ExamPaper-2022.pdf,2,extracted/text/DAwHPC-ExamPaper-2022_page_02.txt,extracted/images/DAwHPC-ExamPaper-2022_page_02.png,"(a) In the three scenarios given below consider whether ETL or ELT would be
most appropriate and justify your answer:
i. A team within your company wants to detect anomalous insurance
claims.
ii. An organisation wishes to keep a long-term data archive for analysis.
iii. A secure data source houses highly sensitive data, including individuals’
personal information
[3 marks]",.213132,"ETL vs ELT	2022, 13 May 13:00-15:00	Q1(a)	三个场景判断 ETL 或 ELT，并给出理由"
t02_2023_q1b,2,2. 数据编码、特征缩放、数据探索,categorical variable encoding,2023,2 May 13:00-15:00,Q1(b),将 admission type 转换为 numerical model 可用形式，典型是 one-hot encoding,high,new,0,,paper/DAwHPC-ExamPaper-2023.pdf,2,extracted/text/DAwHPC-ExamPaper-2023_page_02.txt,extracted/images/DAwHPC-ExamPaper-2023_page_02.png,"(b) Name the technique which could be applied to convert a categorical variable
for use by numerical models, and show how it would be applied to the
following data sample.
[2 marks]
Row
admission type
1
Emergency
2
Emergency
3
Transfer",,"categorical variable encoding	2023, 2 May 13:00-15:00	Q1(b)	将 admission type 转换为 numerical model 可用形式，典型是 one-hot encoding"
t02_2024_q2b,2,2. 数据编码、特征缩放、数据探索,normalization vs standardization,2024,6 May 13:00-15:00,Q2(b),解释两种 scaling，并判断有 outliers 时更适合哪种,high,new,0,,paper/HPDA_Exam_Questions_2023_24.pdf,4,extracted/text/HPDA_Exam_Questions_2023_24_page_04.txt,extracted/images/HPDA_Exam_Questions_2023_24_page_04.png,"(b) In k-NN, Feature Scaling is important to ensure the model is not
dominated by features with larger values. Explain how Normalization and
Standardization each affect feature values. Justify which one is more
suited for a feature known to have outliers.
[4 marks]",,"normalization vs standardization	2024, 6 May 13:00-15:00	Q2(b)	解释两种 scaling，并判断有 outliers 时更适合哪种"
t02_2022_q1b,2,2. 数据编码、特征缩放、数据探索,feature scaling 对 k-means 的影响,2022,13 May 13:00-15:00,Q1(b),比较原始 units、standard deviation scaling、money spent 对 k-means 的影响,high,new,0,,paper/DAwHPC-ExamPaper-2022.pdf,2,extracted/text/DAwHPC-ExamPaper-2022_page_02.txt,extracted/images/DAwHPC-ExamPaper-2022_page_02.png,"(b) Consider an online merchant only providing two products: lamps and mo-
torbikes. The plots below illustrate the purchases of eight diﬀerent shoppers
where each shopper is depicted by a speciﬁc colour and symbol. Plot (a)
illustrates the number of lamps and motorbikes purchased by each shopper.
Plot (b) illustrates the same information but after scaling each variable by
its standard deviation. Lastly, plot (c) shows the amount of money spent
by each shopper on lamps and motorbikes.
0
2
4
6
8
10
12
a
Units Purchased
Lamps
Motorbikes
0.0
0.2
0.4
0.6
0.8
1.0
1.2
1.4
b
Units Purchased (scaled)
Lamps
Motorbikes
0
500
1000
1500
2000
2500
c
Money Spent
Lamps
Motorbikes
Consider you’re implementing k−means clustering, with k = 2, in each of
the three cases above. Brieﬂy, explain in general, how the scale/units of
measurement of the features could aﬀect k-means clustering. Speciﬁcally
for the above example, describe in words the results you expect to get in
each case and explain why.
[8 marks]",,"feature scaling 对 k-means 的影响	2022, 13 May 13:00-15:00	Q1(b)	比较原始 units、standard deviation scaling、money spent 对 k-means 的影响"
t02_2022_q1cii,2,2. 数据编码、特征缩放、数据探索,exploratory plots,2022,13 May 13:00-15:00,Q1(c)(ii),为材料科学数据选择探索性图表，并解释每个变量的作用,high,new,0,,paper/DAwHPC-ExamPaper-2022.pdf,2,extracted/text/DAwHPC-ExamPaper-2022_page_02.txt,extracted/images/DAwHPC-ExamPaper-2022_page_02.png,"(c) A materials science research group requires your help to analyse some data
from simulations of a new material. A small sample of their data is shown
below and consist of the following three variables: “Type”, indicating the
category of an observation; “Distance” which is measured in their material
and “Shift”, a further property of the material.
i. The chemists in the group are interested in ﬁnding a way to decide
on the “Type” of a new observation using the above data. How can
you do that?
Mention what approach/method you’d choose, which
variable/variables would be used and how.
[2 marks]",,"exploratory plots	2022, 13 May 13:00-15:00	Q1(c)(ii)	为材料科学数据选择探索性图表，并解释每个变量的作用"
t02_2022_q1ciii,2,2. 数据编码、特征缩放、数据探索,removing data points / outlier handling,2022,13 May 13:00-15:00,Q1(c)(iii),讨论删除数据点对模型性能的影响,high,new,0,,paper/DAwHPC-ExamPaper-2022.pdf,3,extracted/text/DAwHPC-ExamPaper-2022_page_03.txt,extracted/images/DAwHPC-ExamPaper-2022_page_03.png,"iii. The chemists looked into the performance of the model on the training
data and found that it wasn’t performing so well. However, they re-
alised, that the performance improved after removing some data points.
Discuss this approach. Explain how this could aﬀect the performance
of the new model.
[3 marks]
(d) A K-NN classiﬁer has been trained to a dataset with two features, X1, X2,
and one target variable with three classes. The plots below show scatterplots
of the features for the training data. The true class of each data point, A, B
and C, is denoted by triangle, circle and square markers respectively. The
dashed and straight lines show the classiﬁcation boundaries of the classiﬁer
when trained with K = 1, K = 30 and K = 110. These boundaries indicate
how new data points will be classiﬁed as indicated by the lower-case labels
a, b and c. For example, data points falling within the red area a will be
classiﬁed as a. Consider that there are 50 examples of each label in the
training data.
4
5
6
7
8
X2
1
2
3
4
5
6
X1
a
b
c
KNN (K=1)
4
5
6
7
8
X2
a
b
c
KNN (K=30)
4
5
6
7
8
X2
a
c
KNN (K=110)
A
B
C
a/b Boundary
b/c Boundary
Predict a
Predict b
Predict c",,"removing data points / outlier handling	2022, 13 May 13:00-15:00	Q1(c)(iii)	讨论删除数据点对模型性能的影响"
t03_2024_q1bi,3,3. 概率分布、参数估计、MLE,Bernoulli distribution,2024,6 May 13:00-15:00,Q1(b)(i),skipped/not skipped 二元变量建模,high,new,0,,paper/HPDA_Exam_Questions_2023_24.pdf,2,extracted/text/HPDA_Exam_Questions_2023_24_page_02.txt,extracted/images/HPDA_Exam_Questions_2023_24_page_02.png,"i. What would be an appropriate distribution model for X and why?
State the parameters of the distribution and explain what they
illustrate.
[3 marks]",,"Bernoulli distribution	2024, 6 May 13:00-15:00	Q1(b)(i)	skipped/not skipped 二元变量建模"
t03_2024_q1bii,3,3. 概率分布、参数估计、MLE,Bernoulli variance derivation,2024,6 May 13:00-15:00,Q1(b)(ii),推导 Bernoulli 方差,high,new,0,,paper/HPDA_Exam_Questions_2023_24.pdf,2,extracted/text/HPDA_Exam_Questions_2023_24_page_02.txt,extracted/images/HPDA_Exam_Questions_2023_24_page_02.png,"ii. Derive the formula for the variance of this distribution.
[3 marks]",,"Bernoulli variance derivation	2024, 6 May 13:00-15:00	Q1(b)(ii)	推导 Bernoulli 方差"
t03_2024_q1ci,3,3. 概率分布、参数估计、MLE,Binomial distribution,2024,6 May 13:00-15:00,Q1(c)(i),n 次播放中被 skipped 的次数建模,high,new,0,,paper/HPDA_Exam_Questions_2023_24.pdf,2,extracted/text/HPDA_Exam_Questions_2023_24_page_02.txt,extracted/images/HPDA_Exam_Questions_2023_24_page_02.png,"i. What would be an appropriate distribution model for Y and why?
State the probability mass function.
[3 marks]",,"Binomial distribution	2024, 6 May 13:00-15:00	Q1(c)(i)	n 次播放中被 skipped 的次数建模"
t03_2024_q1cii,3,3. 概率分布、参数估计、MLE,MLE 参数估计,2024,6 May 13:00-15:00,Q1(c)(ii),说明如何估计 distribution 参数，写公式并解释步骤,high,new,0,,paper/HPDA_Exam_Questions_2023_24.pdf,2,extracted/text/HPDA_Exam_Questions_2023_24_page_02.txt,extracted/images/HPDA_Exam_Questions_2023_24_page_02.png,"ii. What method would you use to estimate the most likely values for the
parameters of the chosen distribution model?
State the formula for the estimate and explain the different
components.
Describe and explain what steps you would follow to obtain it.
[7 marks]",,"MLE 参数估计	2024, 6 May 13:00-15:00	Q1(c)(ii)	说明如何估计 distribution 参数，写公式并解释步骤"
t03_2023_q2di,3,3. 概率分布、参数估计、MLE,Bernoulli response modelling,2023,2 May 13:00-15:00,Q2(d)(i),customer positive response 的二元分布建模,high,new,0,,paper/DAwHPC-ExamPaper-2023.pdf,3,extracted/text/DAwHPC-ExamPaper-2023_page_03.txt,extracted/images/DAwHPC-ExamPaper-2023_page_03.png,"i. They plan to organise a dancing event on the last Thursday of May.
Use a Naive Bayes classiﬁer to answer whether it is going to be sold out
or not. Show all your working using appropriate notation.",,"Bernoulli response modelling	2023, 2 May 13:00-15:00	Q2(d)(i)	customer positive response 的二元分布建模"
t03_2022_q3a,3,3. 概率分布、参数估计、MLE,常见分布选择,2022,13 May 13:00-15:00,Q3(a),对 functioning devices、property value、daily complaints 选择合适分布,high,new,0,,paper/DAwHPC-ExamPaper-2022.pdf,7,extracted/text/DAwHPC-ExamPaper-2022_page_07.txt,extracted/images/DAwHPC-ExamPaper-2022_page_07.png,"(a) In each of the below examples consider what could be an appropriate dis-
tribution for modelling the random variable X. Brieﬂy justify your answer
highlighting the key reasons.
i. X: The total number of functioning devices out of boxes of 50 devices
ii. X: The value, in thousand pounds, of two bedroom properties in Edin-
burgh.
iii. X: The daily number of complaints at the call centre of your energy
provider.
[3 marks]",,"常见分布选择	2022, 13 May 13:00-15:00	Q3(a)	对 functioning devices、property value、daily complaints 选择合适分布"
t04_2024_q2c,4,4. Bayes、Naive Bayes、Bayes’ Law,Bayes’ Law 计算 posterior probability,2024,6 May 13:00-15:00,Q2(c),用感染率、sensitivity、specificity 计算阳性后真实感染概率,high,new,0,,paper/HPDA_Exam_Questions_2023_24.pdf,4,extracted/text/HPDA_Exam_Questions_2023_24_page_04.txt,extracted/images/HPDA_Exam_Questions_2023_24_page_04.png,"(c) A test for a new bacterial infection has been created and evaluated on a
population of 1,000 people, of which 2.5% are known to have the virus
and the rest do not. The test has been determined to be successful on
91% of people who are infected, and correctly dismisses 89% of people
who do not have the condition.
Using Bayes’ Law, calculate the probability that a positive test result on
someone from this population means they are infected.
[4 marks]",,"Bayes’ Law 计算 posterior probability	2024, 6 May 13:00-15:00	Q2(c)	用感染率、sensitivity、specificity 计算阳性后真实感染概率"
t04_2024_q2d,4,4. Bayes、Naive Bayes、Bayes’ Law,Naive Bayes 分类,2024,6 May 13:00-15:00,Q2(d),判断 cafe 是否应买 Competitive Strategy game,high,new,0,,paper/HPDA_Exam_Questions_2023_24.pdf,4,extracted/text/HPDA_Exam_Questions_2023_24_page_04.txt,extracted/images/HPDA_Exam_Questions_2023_24_page_04.png,"(d) A board game caf´e wishes to determine which types of new game to buy
based on how popular its existing games are. They have collected data
from customers who have played their existing games:
Puzzle
Strategy
Card
Cooperative
Competitive
Y
34
76
65
47
75
N
23
12
56
157
23
In this table, row Y means the game is popular, and row N means it is not.
There are two features; Genre (Puzzle, Strategy, or Card), and Player
Type (Cooperative or Competitive).
Apply Bayes’ model to this data to justify whether the caf´e should stock a
new Competitive Strategy game.
[7 marks]",,"Naive Bayes 分类	2024, 6 May 13:00-15:00	Q2(d)	判断 cafe 是否应买 Competitive Strategy game"
t04_2024_q2eiii,4,4. Bayes、Naive Bayes、Bayes’ Law,Naive Bayes 新类别/特征扩展问题,2024,6 May 13:00-15:00,Q2(e)(i)(ii),游戏类型变多、加入 price feature 后模型如何修改,high,new,0,,paper/HPDA_Exam_Questions_2023_24.pdf,4,extracted/text/HPDA_Exam_Questions_2023_24_page_04.txt,extracted/images/HPDA_Exam_Questions_2023_24_page_04.png,"i. They stock a much larger selection of game types.
[2 marks]
ii. They wish to include price as a feature.
[2 marks]",,"Naive Bayes 新类别/特征扩展问题	2024, 6 May 13:00-15:00	Q2(e)(i)(ii)	游戏类型变多、加入 price feature 后模型如何修改"
t04_2023_q2ci,4,4. Bayes、Naive Bayes、Bayes’ Law,Naive Bayes 分类,2023,2 May 13:00-15:00,Q2(c)(i),判断 dancing event on weekday 是否 sold out,high,new,0,,paper/DAwHPC-ExamPaper-2023.pdf,3,extracted/text/DAwHPC-ExamPaper-2023_page_03.txt,extracted/images/DAwHPC-ExamPaper-2023_page_03.png,"i. They plan to organise a dancing event on the last Thursday of May.
Use a Naive Bayes classiﬁer to answer whether it is going to be sold out
or not. Show all your working using appropriate notation.",,"Naive Bayes 分类	2023, 2 May 13:00-15:00	Q2(c)(i)	判断 dancing event on weekday 是否 sold out"
t04_2023_q2cii,4,4. Bayes、Naive Bayes、Bayes’ Law,Naive Bayes 未见类别问题,2023,2 May 13:00-15:00,Q2(c)(ii),poetry writing event 是否可用已有 classifier 判断,high,new,0,,paper/DAwHPC-ExamPaper-2023.pdf,3,extracted/text/DAwHPC-ExamPaper-2023_page_03.txt,extracted/images/DAwHPC-ExamPaper-2023_page_03.png,"ii. They consider organising a poetry writing event during June’s ﬁrst
weekend and they want to know if it’s going to be sold out. Can you
answer this using the provided data and/or the trained classiﬁer? If
yes, show and explain how but without making the actual calculation.
If not, explain why and suggest how you could approach it.",,"Naive Bayes 未见类别问题	2023, 2 May 13:00-15:00	Q2(c)(ii)	poetry writing event 是否可用已有 classifier 判断"
t04_2022_q3bi,4,4. Bayes、Naive Bayes、Bayes’ Law,Naive Bayes 分类,2022,13 May 13:00-15:00,Q3(b)(i),判断 music event on weekday 是否 sold out,high,new,0,,paper/DAwHPC-ExamPaper-2022.pdf,7,extracted/text/DAwHPC-ExamPaper-2022_page_07.txt,extracted/images/DAwHPC-ExamPaper-2022_page_07.png,"i. They plan to organise a music event on the last Thursday of May. Use
a Naive Bayes classiﬁer to answer whether it is going to be sold-out or
not. Show all your working using adequate notation.
[8 marks]",,"Naive Bayes 分类	2022, 13 May 13:00-15:00	Q3(b)(i)	判断 music event on weekday 是否 sold out"
t04_2022_q3bii,4,4. Bayes、Naive Bayes、Bayes’ Law,Naive Bayes unseen category / smoothing,2022,13 May 13:00-15:00,Q3(b)(ii),drawing lesson 是未见类别，讨论如何处理,high,new,0,,paper/DAwHPC-ExamPaper-2022.pdf,7,extracted/text/DAwHPC-ExamPaper-2022_page_07.txt,extracted/images/DAwHPC-ExamPaper-2022_page_07.png,"ii. For the ﬁrst time, they consider organising a drawing lesson during
June’s ﬁrst weekend and they want to know if it’s going to be sold out.
A. Can you answer this using the provided data and/or the trained
classiﬁer? If yes, show and explain how but without making the ac-
tual calculation. If not, explain why and suggest how you could ap-
proach it. In either case, mention anything that you would like/need
to communicate with them based on your approach.
[5 marks]",,"Naive Bayes unseen category / smoothing	2022, 13 May 13:00-15:00	Q3(b)(ii)	drawing lesson 是未见类别，讨论如何处理"
t05_2024_q2a,5,5. k-NN、k-means、DBSCAN、Gaussian Mixtures 聚类与分类,k-NN vs k-means 区别,2024,6 May 13:00-15:00,Q2(a),解释两个算法并说明关键差别,high,new,1,2026-04-30 12:47,paper/HPDA_Exam_Questions_2023_24.pdf,4,extracted/text/HPDA_Exam_Questions_2023_24_page_04.txt,extracted/images/HPDA_Exam_Questions_2023_24_page_04.png,"(a) Briefly explain both k-nearest neighbors (k-NN) and k-means, and state
the key difference between them.
[3 marks]",,"k-NN vs k-means 区别	2024, 6 May 13:00-15:00	Q2(a)	解释两个算法并说明关键差别"
t05_2022_q1b,5,5. k-NN、k-means、DBSCAN、Gaussian Mixtures 聚类与分类,k-means 与 feature scaling,2022,13 May 13:00-15:00,Q1(b),分析不同 scale/units 对聚类结果的影响,high,new,1,2026-04-30 12:47,paper/DAwHPC-ExamPaper-2022.pdf,2,extracted/text/DAwHPC-ExamPaper-2022_page_02.txt,extracted/images/DAwHPC-ExamPaper-2022_page_02.png,"(b) Consider an online merchant only providing two products: lamps and mo-
torbikes. The plots below illustrate the purchases of eight diﬀerent shoppers
where each shopper is depicted by a speciﬁc colour and symbol. Plot (a)
illustrates the number of lamps and motorbikes purchased by each shopper.
Plot (b) illustrates the same information but after scaling each variable by
its standard deviation. Lastly, plot (c) shows the amount of money spent
by each shopper on lamps and motorbikes.
0
2
4
6
8
10
12
a
Units Purchased
Lamps
Motorbikes
0.0
0.2
0.4
0.6
0.8
1.0
1.2
1.4
b
Units Purchased (scaled)
Lamps
Motorbikes
0
500
1000
1500
2000
2500
c
Money Spent
Lamps
Motorbikes
Consider you’re implementing k−means clustering, with k = 2, in each of
the three cases above. Brieﬂy, explain in general, how the scale/units of
measurement of the features could aﬀect k-means clustering. Speciﬁcally
for the above example, describe in words the results you expect to get in
each case and explain why.
[8 marks]",,"k-means 与 feature scaling	2022, 13 May 13:00-15:00	Q1(b)	分析不同 scale/units 对聚类结果的影响"
t05_2022_q1ci,5,5. k-NN、k-means、DBSCAN、Gaussian Mixtures 聚类与分类,k-NN 分类任务设计,2022,13 May 13:00-15:00,Q1(c)(i),用 Distance 和 Shift 判断 Type,high,new,1,2026-04-30 12:47,paper/DAwHPC-ExamPaper-2022.pdf,2,extracted/text/DAwHPC-ExamPaper-2022_page_02.txt,extracted/images/DAwHPC-ExamPaper-2022_page_02.png,"i. The chemists in the group are interested in ﬁnding a way to decide
on the “Type” of a new observation using the above data. How can
you do that?
Mention what approach/method you’d choose, which
variable/variables would be used and how.
[2 marks]",,"k-NN 分类任务设计	2022, 13 May 13:00-15:00	Q1(c)(i)	用 Distance 和 Shift 判断 Type"
t05_2022_q1di,5,5. k-NN、k-means、DBSCAN、Gaussian Mixtures 聚类与分类,k-NN 中 K 的影响,2022,13 May 13:00-15:00,Q1(d)(i),讨论 K=1、K=30、K=110 对 decision boundary 的影响,high,new,1,2026-04-30 12:47,paper/DAwHPC-ExamPaper-2022.pdf,3,extracted/text/DAwHPC-ExamPaper-2022_page_03.txt,extracted/images/DAwHPC-ExamPaper-2022_page_03.png,"i. Considering how K-NN works, and with reference to the above plots
if helpful, discuss how K aﬀects the classiﬁcation and the classiﬁcation",,"k-NN 中 K 的影响	2022, 13 May 13:00-15:00	Q1(d)(i)	讨论 K=1、K=30、K=110 对 decision boundary 的影响"
t05_2022_q1dii,5,5. k-NN、k-means、DBSCAN、Gaussian Mixtures 聚类与分类,k-NN accuracy 解释,2022,13 May 13:00-15:00,Q1(d)(ii),根据 K=110 图解释 67% accuracy,high,new,1,2026-04-30 12:47,paper/DAwHPC-ExamPaper-2022.pdf,3,extracted/text/DAwHPC-ExamPaper-2022_page_03.txt,extracted/images/DAwHPC-ExamPaper-2022_page_03.png,"(d) A K-NN classiﬁer has been trained to a dataset with two features, X1, X2,
and one target variable with three classes. The plots below show scatterplots
of the features for the training data. The true class of each data point, A, B
and C, is denoted by triangle, circle and square markers respectively. The
dashed and straight lines show the classiﬁcation boundaries of the classiﬁer
when trained with K = 1, K = 30 and K = 110. These boundaries indicate
how new data points will be classiﬁed as indicated by the lower-case labels
a, b and c. For example, data points falling within the red area a will be
classiﬁed as a. Consider that there are 50 examples of each label in the
training data.
4
5
6
7
8
X2
1
2
3
4
5
6
X1
a
b
c
KNN (K=1)
4
5
6
7
8
X2
a
b
c
KNN (K=30)
4
5
6
7
8
X2
a
c
KNN (K=110)
A
B
C
a/b Boundary
b/c Boundary
Predict a
Predict b
Predict c
i. Considering how K-NN works, and with reference to the above plots
if helpful, discuss how K aﬀects the classiﬁcation and the classiﬁcation",,"k-NN accuracy 解释	2022, 13 May 13:00-15:00	Q1(d)(ii)	根据 K=110 图解释 67% accuracy"
t05_2023_q2a,5,5. k-NN、k-means、DBSCAN、Gaussian Mixtures 聚类与分类,clustering 方法识别,2023,2 May 13:00-15:00,Q2(a),从图判断 k-means、Gaussian Mixtures、DBSCAN,high,new,1,2026-04-30 12:47,paper/DAwHPC-ExamPaper-2023.pdf,3,extracted/text/DAwHPC-ExamPaper-2023_page_03.txt,extracted/images/DAwHPC-ExamPaper-2023_page_03.png,"(a) The plots given below show the results of diﬀerent clustering methods used
on 3 diﬀerent datasets. Looking at these, which of k-means, Gaussian Mix-
tures and DBSCAN is most likely to have produced each clustering output?
Justify your answer based on the properties and underlying assumptions of
each method.
[3 marks]",,"clustering 方法识别	2023, 2 May 13:00-15:00	Q2(a)	从图判断 k-means、Gaussian Mixtures、DBSCAN"
t05_2023_q2b,5,5. k-NN、k-means、DBSCAN、Gaussian Mixtures 聚类与分类,DBSCAN core/reachable/outlier 判断,2023,2 May 13:00-15:00,Q2(b),根据 epsilon 和 minPts 判断点类型,high,new,1,2026-04-30 12:47,paper/DAwHPC-ExamPaper-2023.pdf,3,extracted/text/DAwHPC-ExamPaper-2023_page_03.txt,extracted/images/DAwHPC-ExamPaper-2023_page_03.png,"(b) Let x be a datapoint with x1, ..., x9 denoting its closest neighbours, with
their Euclidean distances from x listed below. Explain how DBSCAN would
classify x, i.e., core point, density reachable or outlier, if parametrised with
ϵ = 0.12 and minPts = 3, and brieﬂy justify why.
D(x, x1)
=
0.4, D(x, x2) = 0.08, D(x, x3) = 0.15, D(x, x4) = 0.2,
D(x, x5)
=
0.3, D(x, x6) = 0.22, D(x, x7) = 0.06, D(x, x8) = 0.11, D(x, x9) = 0.1
[2 marks]",,"DBSCAN core/reachable/outlier 判断	2023, 2 May 13:00-15:00	Q2(b)	根据 epsilon 和 minPts 判断点类型"
t06_2023_q1e,6,6. Random Forest、Bagging、Bootstrap、OOB Error,bootstrap aggregation 和 OOB error,2023,2 May 13:00-15:00,Q1(e),在 Random Forest context 中解释 bagging 和 OOB error,high,new,0,,paper/DAwHPC-ExamPaper-2023.pdf,2,extracted/text/DAwHPC-ExamPaper-2023_page_02.txt,extracted/images/DAwHPC-ExamPaper-2023_page_02.png,"(e) A researcher wishes to train a Random Forest classiﬁer using the cleaned
data to predict future admission rates. Explain what the terms “bootstrap
aggregation” and “out of bag (OOB) error” mean in this context.
[2 marks]",,"bootstrap aggregation 和 OOB error	2023, 2 May 13:00-15:00	Q1(e)	在 Random Forest context 中解释 bagging 和 OOB error"
t06_2023_q1f,6,6. Random Forest、Bagging、Bootstrap、OOB Error,optimal number of trees experiment,2023,2 May 13:00-15:00,Q1(f),设计实验找 Random Forest 的最佳 tree 数,high,new,0,,paper/DAwHPC-ExamPaper-2023.pdf,2,extracted/text/DAwHPC-ExamPaper-2023_page_02.txt,extracted/images/DAwHPC-ExamPaper-2023_page_02.png,"(f) Describe an experiment you could perform to determine the optimal number
of trees to include in a Random Forest classiﬁer.
[4 marks]",,"optimal number of trees experiment	2023, 2 May 13:00-15:00	Q1(f)	设计实验找 Random Forest 的最佳 tree 数"
t06_2024_q2fi,6,6. Random Forest、Bagging、Bootstrap、OOB Error,bagging 基本概念,2024,6 May 13:00-15:00,Q2(f)(i),解释 bootstrap sampling,high,new,0,,paper/HPDA_Exam_Questions_2023_24.pdf,4,extracted/text/HPDA_Exam_Questions_2023_24_page_04.txt,extracted/images/HPDA_Exam_Questions_2023_24_page_04.png,"i. Explain what bootstrap sampling is.
[1 mark]",,"bagging 基本概念	2024, 6 May 13:00-15:00	Q2(f)(i)	解释 bootstrap sampling"
t06_2024_q2fii,6,6. Random Forest、Bagging、Bootstrap、OOB Error,classification/regression aggregation,2024,6 May 13:00-15:00,Q2(f)(ii),分类用 majority vote，回归用 average,high,new,0,,paper/HPDA_Exam_Questions_2023_24.pdf,4,extracted/text/HPDA_Exam_Questions_2023_24_page_04.txt,extracted/images/HPDA_Exam_Questions_2023_24_page_04.png,"ii. State how results are aggregated for both classification and
regression tasks.
[2 marks]",,"classification/regression aggregation	2024, 6 May 13:00-15:00	Q2(f)(ii)	分类用 majority vote，回归用 average"
t07_2023_q2dii,7,7. Logistic Regression、Linear Regression、Gradient Descent、Generalisation Error,logistic regression hypothesis,2023,2 May 13:00-15:00,Q2(d)(ii),定义 logistic regression 模型并说明如何预测 positive response,high,new,0,,paper/DAwHPC-ExamPaper-2023.pdf,3,extracted/text/DAwHPC-ExamPaper-2023_page_03.txt,extracted/images/DAwHPC-ExamPaper-2023_page_03.png,"ii. They consider organising a poetry writing event during June’s ﬁrst
weekend and they want to know if it’s going to be sold out. Can you
answer this using the provided data and/or the trained classiﬁer? If
yes, show and explain how but without making the actual calculation.
If not, explain why and suggest how you could approach it.",,"logistic regression hypothesis	2023, 2 May 13:00-15:00	Q2(d)(ii)	定义 logistic regression 模型并说明如何预测 positive response"
t07_2023_q2diii,7,7. Logistic Regression、Linear Regression、Gradient Descent、Generalisation Error,logistic vs linear regression,2023,2 May 13:00-15:00,Q2(d)(iii),判断 linear regression 是否适合二分类,high,new,0,,paper/DAwHPC-ExamPaper-2023.pdf,1,extracted/text/DAwHPC-ExamPaper-2023_page_01.txt,extracted/images/DAwHPC-ExamPaper-2023_page_01.png,"2. DIFFERENT SUB-QUESTIONS MAY HAVE DIFFERENT NUM-
BERS. Take note of this in allocating time to questions.",,"logistic vs linear regression	2023, 2 May 13:00-15:00	Q2(d)(iii)	判断 linear regression 是否适合二分类"
t07_2023_q3eii,7,7. Logistic Regression、Linear Regression、Gradient Descent、Generalisation Error,multiple linear regression prediction,2023,2 May 13:00-15:00,Q3(e)(ii),预测 Edinburgh store 各 department 的 December 2023 sales,high,new,0,,paper/DAwHPC-ExamPaper-2023.pdf,5,extracted/text/DAwHPC-ExamPaper-2023_page_05.txt,extracted/images/DAwHPC-ExamPaper-2023_page_05.png,"ii. What method should be used to combine time-based data and how
should it be aggregated?
[5 marks]
(b) To handle the large amount of data, you need to make full use of a HPC
machine and use either Spark (using PySpark) or Dask.",,"multiple linear regression prediction	2023, 2 May 13:00-15:00	Q3(e)(ii)	预测 Edinburgh store 各 department 的 December 2023 sales"
t07_2023_q3ei,7,7. Logistic Regression、Linear Regression、Gradient Descent、Generalisation Error,fitted linear model visualization,2023,2 May 13:00-15:00,Q3(e)(i),重组数据并画 observed data + fitted model,high,new,0,,paper/DAwHPC-ExamPaper-2023.pdf,5,extracted/text/DAwHPC-ExamPaper-2023_page_05.txt,extracted/images/DAwHPC-ExamPaper-2023_page_05.png,"i. What columns are required, how should the table be indexed and what
data types should be used?",,"fitted linear model visualization	2023, 2 May 13:00-15:00	Q3(e)(i)	重组数据并画 observed data + fitted model"
t07_2022_q3ci,7,7. Logistic Regression、Linear Regression、Gradient Descent、Generalisation Error,learning rate,2022,13 May 13:00-15:00,Q3(c)(i),解释 gradient descent 中 learning rate α,high,new,0,,paper/DAwHPC-ExamPaper-2022.pdf,7,extracted/text/DAwHPC-ExamPaper-2022_page_07.txt,extracted/images/DAwHPC-ExamPaper-2022_page_07.png,"i. In this context, what is the learning rate α?
[2 marks]",,"learning rate	2022, 13 May 13:00-15:00	Q3(c)(i)	解释 gradient descent 中 learning rate α"
t07_2022_q3cii,7,7. Logistic Regression、Linear Regression、Gradient Descent、Generalisation Error,learning rate 曲线判断,2022,13 May 13:00-15:00,Q3(c)(ii),根据 cost function 曲线判断 α 太大/太小/合适,high,new,0,,paper/DAwHPC-ExamPaper-2022.pdf,7,extracted/text/DAwHPC-ExamPaper-2022_page_07.txt,extracted/images/DAwHPC-ExamPaper-2022_page_07.png,"ii. Below you are given three plots of a cost function J(θ) against the num-
ber iterations performed by the gradient descent algorithm. Each plot,
concerns the same data, training model, same total number number of",,"learning rate 曲线判断	2022, 13 May 13:00-15:00	Q3(c)(ii)	根据 cost function 曲线判断 α 太大/太小/合适"
t07_2022_q3d,7,7. Logistic Regression、Linear Regression、Gradient Descent、Generalisation Error,generalisation error / testing error,2022,13 May 13:00-15:00,Q3(d),判断关于 generalisation error 和 error rate 的选择题,high,new,0,,paper/DAwHPC-ExamPaper-2022.pdf,7,extracted/text/DAwHPC-ExamPaper-2022_page_07.txt,extracted/images/DAwHPC-ExamPaper-2022_page_07.png,"3.
(a) In each of the below examples consider what could be an appropriate dis-
tribution for modelling the random variable X. Brieﬂy justify your answer
highlighting the key reasons.
i. X: The total number of functioning devices out of boxes of 50 devices
ii. X: The value, in thousand pounds, of two bedroom properties in Edin-
burgh.
iii. X: The daily number of complaints at the call centre of your energy
provider.
[3 marks]
(b) A big popular theatre in Edinburgh has asked your help to understand how
successful are the events they organise. More speciﬁcally, they want to know
whether an event will be sold-out or not. For this, you’re given a csv ﬁle
with three variables, namely, Y : showing the status of the event (i.e., if it
was sold out or not), X1 : the type of the event (i.e., if it was a theatrical
event or a music event) and X2 : whether it took place during the weekend
or not. After processing the data you bring them together in the below
format.
theatrical
music
event
event
sold-out
100
90
not sold out
50
20
week-day
weekend
sold out
80
110
not sold out
40
30
i. They plan to organise a music event on the last Thursday of May. Use
a Naive Bayes classiﬁer to answer whether it is going to be sold-out or
not. Show all your working using adequate notation.
[8 marks]
ii. For the ﬁrst time, they consider organising a drawing lesson during
June’s ﬁrst weekend and they want to know if it’s going to be sold out.
A. Can you answer this using the provided data and/or the trained
classiﬁer? If yes, show and explain how but without making the ac-
tual calculation. If not, explain why and suggest how you could ap-
proach it. In either case, mention anything that you would like/need
to communicate with them based on your approach.
[5 marks]
(c) In the process of training various supervised models, we’ve talked about
optimization methods such as gradient descent and stochastic gradient de-
scent.
i. In this context, what is the learning rate α?
[2 marks]
ii. Below you are given three plots of a cost function J(θ) against the num-
ber iterations performed by the gradient descent algorithm. Each plot,
concerns the same data, training model, same total number number of",,"generalisation error / testing error	2022, 13 May 13:00-15:00	Q3(d)	判断关于 generalisation error 和 error rate 的选择题"
t08_2022_q2ci,8,8. Decision Tree、Confusion Matrix、Classifier Evaluation,decision tree 分类路径,2022,13 May 13:00-15:00,Q2(c)(i),根据 TE、TR、HC 在树中走路径判断 T1/T2,high,new,0,,paper/DAwHPC-ExamPaper-2022.pdf,5,extracted/text/DAwHPC-ExamPaper-2022_page_05.txt,extracted/images/DAwHPC-ExamPaper-2022_page_05.png,"(c) After initial analysis, the researcher has found Scan Description to be an
unreliable indicator of the scan type. Three new metadata ﬁelds have been
chosen to build a Decision Tree classiﬁer: Echo Time (TE), Repetition Time
(TR), and High Contrast (HC). TE and TR are numeric variables, and HC
is a boolean variable. The two possible scan types are T1 and T2. Using a
labelled subset of the data, the following tree has been built.",,"decision tree 分类路径	2022, 13 May 13:00-15:00	Q2(c)(i)	根据 TE、TR、HC 在树中走路径判断 T1/T2"
t08_2022_q2cii,8,8. Decision Tree、Confusion Matrix、Classifier Evaluation,confusion matrix,2022,13 May 13:00-15:00,Q2(c)(ii),以 T1 为 positive class 构建 confusion matrix,high,new,0,,paper/DAwHPC-ExamPaper-2022.pdf,5,extracted/text/DAwHPC-ExamPaper-2022_page_05.txt,extracted/images/DAwHPC-ExamPaper-2022_page_05.png,"(c) After initial analysis, the researcher has found Scan Description to be an
unreliable indicator of the scan type. Three new metadata ﬁelds have been
chosen to build a Decision Tree classiﬁer: Echo Time (TE), Repetition Time
(TR), and High Contrast (HC). TE and TR are numeric variables, and HC
is a boolean variable. The two possible scan types are T1 and T2. Using a
labelled subset of the data, the following tree has been built.",,"confusion matrix	2022, 13 May 13:00-15:00	Q2(c)(ii)	以 T1 为 positive class 构建 confusion matrix"
t08_2022_q2cii,8,8. Decision Tree、Confusion Matrix、Classifier Evaluation,TPR / TNR,2022,13 May 13:00-15:00,Q2(c)(ii),计算 True Positive Rate 和 True Negative Rate,high,new,0,,paper/DAwHPC-ExamPaper-2022.pdf,5,extracted/text/DAwHPC-ExamPaper-2022_page_05.txt,extracted/images/DAwHPC-ExamPaper-2022_page_05.png,"(c) After initial analysis, the researcher has found Scan Description to be an
unreliable indicator of the scan type. Three new metadata ﬁelds have been
chosen to build a Decision Tree classiﬁer: Echo Time (TE), Repetition Time
(TR), and High Contrast (HC). TE and TR are numeric variables, and HC
is a boolean variable. The two possible scan types are T1 and T2. Using a
labelled subset of the data, the following tree has been built.",,"TPR / TNR	2022, 13 May 13:00-15:00	Q2(c)(ii)	计算 True Positive Rate 和 True Negative Rate"
t08_2022_q2ciii,8,8. Decision Tree、Confusion Matrix、Classifier Evaluation,decision tree 中重复使用 boolean feature,2022,13 May 13:00-15:00,Q2(c)(iii),解释为什么 HC 可以在不同分支中重复使用,high,new,0,,paper/DAwHPC-ExamPaper-2022.pdf,5,extracted/text/DAwHPC-ExamPaper-2022_page_05.txt,extracted/images/DAwHPC-ExamPaper-2022_page_05.png,"(c) After initial analysis, the researcher has found Scan Description to be an
unreliable indicator of the scan type. Three new metadata ﬁelds have been
chosen to build a Decision Tree classiﬁer: Echo Time (TE), Repetition Time
(TR), and High Contrast (HC). TE and TR are numeric variables, and HC
is a boolean variable. The two possible scan types are T1 and T2. Using a
labelled subset of the data, the following tree has been built.",,"decision tree 中重复使用 boolean feature	2022, 13 May 13:00-15:00	Q2(c)(iii)	解释为什么 HC 可以在不同分支中重复使用"
t08_2022_q2civ,8,8. Decision Tree、Confusion Matrix、Classifier Evaluation,binary classifier comparison,2022,13 May 13:00-15:00,Q2(c)(iv),比较两个 binary classifiers 的性能,high,new,0,,paper/DAwHPC-ExamPaper-2022.pdf,5,extracted/text/DAwHPC-ExamPaper-2022_page_05.txt,extracted/images/DAwHPC-ExamPaper-2022_page_05.png,"(c) After initial analysis, the researcher has found Scan Description to be an
unreliable indicator of the scan type. Three new metadata ﬁelds have been
chosen to build a Decision Tree classiﬁer: Echo Time (TE), Repetition Time
(TR), and High Contrast (HC). TE and TR are numeric variables, and HC
is a boolean variable. The two possible scan types are T1 and T2. Using a
labelled subset of the data, the following tree has been built.",,"binary classifier comparison	2022, 13 May 13:00-15:00	Q2(c)(iv)	比较两个 binary classifiers 的性能"
t09_2022_q2b,9,9. HPC Data Analytics：Spark、Dask、SLURM、Parallel Data Processing,大规模 DICOM metadata 并行处理,2022,13 May 13:00-15:00,Q2(b),处理 1 million+ DICOM images，并说明每一步如何使用 parallelism,high,new,0,,paper/DAwHPC-ExamPaper-2022.pdf,5,extracted/text/DAwHPC-ExamPaper-2022_page_05.txt,extracted/images/DAwHPC-ExamPaper-2022_page_05.png,"(b)
The remainder of this question does not relate to the metadata tables in
part a).
A researcher wishes to extract and analyse metadata from a dataset of over
1 million raw DICOM images collected from hospitals across Scotland. They
are initially interested in analysing the frequency of two types of MRI scan,
which they believe can be found in the Scan Description metadata ﬁelds of
each ﬁle. Describe the steps you would take to tackle this problem, stating
how parallelism can be utilised in each step.
[8 marks]",,"大规模 DICOM metadata 并行处理	2022, 13 May 13:00-15:00	Q2(b)	处理 1 million+ DICOM images，并说明每一步如何使用 parallelism"
t09_2023_q3bi,9,9. HPC Data Analytics：Spark、Dask、SLURM、Parallel Data Processing,Spark vs Dask on SLURM,2023,2 May 13:00-15:00,Q3(b)(i),比较 Spark 和 Dask 在 SLURM 上的 setup 和 task execution,high,new,0,,paper/DAwHPC-ExamPaper-2023.pdf,5,extracted/text/DAwHPC-ExamPaper-2023_page_05.txt,extracted/images/DAwHPC-ExamPaper-2023_page_05.png,"i. How do Spark and Dask setups diﬀer in terms of the way the SLURM
job scheduler is used and how are computation tasks executed?",,"Spark vs Dask on SLURM	2023, 2 May 13:00-15:00	Q3(b)(i)	比较 Spark 和 Dask 在 SLURM 上的 setup 和 task execution"
t09_2023_q3bii,9,9. HPC Data Analytics：Spark、Dask、SLURM、Parallel Data Processing,spark.read.csv / dask.dataframe.read_csv,2023,2 May 13:00-15:00,Q3(b)(ii),说明读取 CSV paths 后产生什么对象,high,new,0,,paper/DAwHPC-ExamPaper-2023.pdf,5,extracted/text/DAwHPC-ExamPaper-2023_page_05.txt,extracted/images/DAwHPC-ExamPaper-2023_page_05.png,"ii. To load the data, Spark and Dask can read in lists of paths to CSV ﬁles.
Describe what spark.read.csv() and dask.dataframe.read csv()
do and what they produce.
[6 marks]",,"spark.read.csv / dask.dataframe.read_csv	2023, 2 May 13:00-15:00	Q3(b)(ii)	说明读取 CSV paths 后产生什么对象"
t09_2023_q3ci,9,9. HPC Data Analytics：Spark、Dask、SLURM、Parallel Data Processing,Spark Pipeline Transformer / Estimator,2023,2 May 13:00-15:00,Q3(c)(i),判断 pipeline stages 是 Transformer 还是 Estimator,high,new,0,,paper/DAwHPC-ExamPaper-2023.pdf,5,extracted/text/DAwHPC-ExamPaper-2023_page_05.txt,extracted/images/DAwHPC-ExamPaper-2023_page_05.png,"(c) The Spark Pipeline diagram below represents a process to model the
String-n-Keys data.",,"Spark Pipeline Transformer / Estimator	2023, 2 May 13:00-15:00	Q3(c)(i)	判断 pipeline stages 是 Transformer 还是 Estimator"
t09_2023_q3ci,9,9. HPC Data Analytics：Spark、Dask、SLURM、Parallel Data Processing,narrow vs wide transformation,2023,2 May 13:00-15:00,Q3(c)(i),判断 Spark transformation 类型,high,new,0,,paper/DAwHPC-ExamPaper-2023.pdf,5,extracted/text/DAwHPC-ExamPaper-2023_page_05.txt,extracted/images/DAwHPC-ExamPaper-2023_page_05.png,"(c) The Spark Pipeline diagram below represents a process to model the
String-n-Keys data.",,"narrow vs wide transformation	2023, 2 May 13:00-15:00	Q3(c)(i)	判断 Spark transformation 类型"
t09_2023_q3cii,9,9. HPC Data Analytics：Spark、Dask、SLURM、Parallel Data Processing,PipelineModel,2023,2 May 13:00-15:00,Q3(c)(ii),说明训练后的 PipelineModel 可做什么,high,new,0,,paper/DAwHPC-ExamPaper-2023.pdf,5,extracted/text/DAwHPC-ExamPaper-2023_page_05.txt,extracted/images/DAwHPC-ExamPaper-2023_page_05.png,"(c) The Spark Pipeline diagram below represents a process to model the
String-n-Keys data.",,"PipelineModel	2023, 2 May 13:00-15:00	Q3(c)(ii)	说明训练后的 PipelineModel 可做什么"
t09_2023_q3diii,9,9. HPC Data Analytics：Spark、Dask、SLURM、Parallel Data Processing,Dask delayed task graph,2023,2 May 13:00-15:00,Q3(d)(i)(ii),画 task graph 并计算 result.compute(),high,new,0,,paper/DAwHPC-ExamPaper-2023.pdf,5,extracted/text/DAwHPC-ExamPaper-2023_page_05.txt,extracted/images/DAwHPC-ExamPaper-2023_page_05.png,"i. What columns are required, how should the table be indexed and what
data types should be used?
ii. What method should be used to combine time-based data and how
should it be aggregated?
[5 marks]
(b) To handle the large amount of data, you need to make full use of a HPC
machine and use either Spark (using PySpark) or Dask.
i. How do Spark and Dask setups diﬀer in terms of the way the SLURM
job scheduler is used and how are computation tasks executed?
ii. To load the data, Spark and Dask can read in lists of paths to CSV ﬁles.
Describe what spark.read.csv() and dask.dataframe.read csv()
do and what they produce.
[6 marks]
(c) The Spark Pipeline diagram below represents a process to model the
String-n-Keys data.",,"Dask delayed task graph	2023, 2 May 13:00-15:00	Q3(d)(i)(ii)	画 task graph 并计算 result.compute()"
t09_2023_q3diii,9,9. HPC Data Analytics：Spark、Dask、SLURM、Parallel Data Processing,Dask partitions / repartition,2023,2 May 13:00-15:00,Q3(d)(iii),说明初始 partitions 和高效 repartition 方法,high,new,0,,paper/DAwHPC-ExamPaper-2023.pdf,5,extracted/text/DAwHPC-ExamPaper-2023_page_05.txt,extracted/images/DAwHPC-ExamPaper-2023_page_05.png,"3. You are tasked with analysing sales data for a musical instrument retailer, Strings-
n-Keys. The retailer has 5 years of sales data, from 10 physical stores and an
online store, comprising 600 ﬁles for monthly in-person sales, and 260 ﬁles for
weekly online sales. Example data are shown below.
In-person
Sales,
showing
line
1
from
4
CSV
ﬁles.
date
store
department
type
maker
model
price
01-01-18
Edinburgh
Guitars
Guitar
Fender
Strat
999.00
01-01-18
Glasgow
Drums
Drum kit
Gretsch
BC50
1849.00
01-02-18
Dundee
Guitars
Guitar
Gibson
LP
1399.00
01-02-18
Bristol
Keys
Keyboard
Nord
X300
2199.00
Online
Sales,
showing
3
lines
from
a
single
CSV
ﬁle.
datetime
department
type
maker
model
price
shipping
20-01-2019
Keys
Keyboard
Casio
88Pro
1299.00
30.00
12:36:21
20-01-2019
Drums
Drum stool
Gnu
Red15
149.00
30.00
12:42:19
20-01-2019
Recording
Interface
UA
Volt1
114.99
10.00
13:01:09
The client would like to see monthly sales and yearly sales for each of 10 depart-
ments across all stores and to predict future sales. To complete this work, you
have at your disposal a small HPC machine featuring 8 compute nodes, each with
12 CPU cores and 96 GB RAM, that uses the SLURM job scheduler.
(a) You begin by designing a single table combining in-person and online sales,
assuming all stores have the same departments.
i. What columns are required, how should the table be indexed and what
data types should be used?
ii. What method should be used to combine time-based data and how
should it be aggregated?
[5 marks]
(b) To handle the large amount of data, you need to make full use of a HPC
machine and use either Spark (using PySpark) or Dask.
i. How do Spark and Dask setups diﬀer in terms of the way the SLURM
job scheduler is used and how are computation tasks executed?
ii. To load the data, Spark and Dask can read in lists of paths to CSV ﬁles.
Describe what spark.read.csv() and dask.dataframe.read csv()
do and what they produce.
[6 marks]
(c) The Spark Pipeline diagram below represents a process to model the
String-n-Keys data.",,"Dask partitions / repartition	2023, 2 May 13:00-15:00	Q3(d)(iii)	说明初始 partitions 和高效 repartition 方法"
t10_2023_q3ai,10,10. Time Series / Sales Data Aggregation / Table Design,设计 combined sales table,2023,2 May 13:00-15:00,Q3(a)(i),合并 physical sales 和 online sales，说明 columns、index、data types,high,new,0,,paper/DAwHPC-ExamPaper-2023.pdf,5,extracted/text/DAwHPC-ExamPaper-2023_page_05.txt,extracted/images/DAwHPC-ExamPaper-2023_page_05.png,"i. What columns are required, how should the table be indexed and what
data types should be used?",,"设计 combined sales table	2023, 2 May 13:00-15:00	Q3(a)(i)	合并 physical sales 和 online sales，说明 columns、index、data types"
t10_2023_q3aii,10,10. Time Series / Sales Data Aggregation / Table Design,time-based aggregation,2023,2 May 13:00-15:00,Q3(a)(ii),月销售、年销售 aggregation,high,new,0,,paper/DAwHPC-ExamPaper-2023.pdf,5,extracted/text/DAwHPC-ExamPaper-2023_page_05.txt,extracted/images/DAwHPC-ExamPaper-2023_page_05.png,"ii. What method should be used to combine time-based data and how
should it be aggregated?
[5 marks]",,"time-based aggregation	2023, 2 May 13:00-15:00	Q3(a)(ii)	月销售、年销售 aggregation"
t10_2023_q3ei,10,10. Time Series / Sales Data Aggregation / Table Design,physical vs online yearly sales comparison,2023,2 May 13:00-15:00,Q3(e)(i),重新组织数据并画 scatter plot + fitted model,high,new,0,,paper/DAwHPC-ExamPaper-2023.pdf,5,extracted/text/DAwHPC-ExamPaper-2023_page_05.txt,extracted/images/DAwHPC-ExamPaper-2023_page_05.png,"i. What columns are required, how should the table be indexed and what
data types should be used?",,"physical vs online yearly sales comparison	2023, 2 May 13:00-15:00	Q3(e)(i)	重新组织数据并画 scatter plot + fitted model"
t10_2023_q3eii,10,10. Time Series / Sales Data Aggregation / Table Design,future sales prediction,2023,2 May 13:00-15:00,Q3(e)(ii),用 multiple linear regression 预测 December 2023 sales,high,new,0,,paper/DAwHPC-ExamPaper-2023.pdf,5,extracted/text/DAwHPC-ExamPaper-2023_page_05.txt,extracted/images/DAwHPC-ExamPaper-2023_page_05.png,"ii. What method should be used to combine time-based data and how
should it be aggregated?
[5 marks]
(b) To handle the large amount of data, you need to make full use of a HPC
machine and use either Spark (using PySpark) or Dask.",,"future sales prediction	2023, 2 May 13:00-15:00	Q3(e)(ii)	用 multiple linear regression 预测 December 2023 sales"
t11_2024_q3a,11,11. Neural Networks、FeedForward NN、Transformers,neural network 基本概念,2024,6 May 13:00-15:00,Q3(a),解释 NN、deep NN，并给两个 use cases,high,new,0,,paper/HPDA_Exam_Questions_2023_24.pdf,5,extracted/text/HPDA_Exam_Questions_2023_24_page_05.txt,extracted/images/HPDA_Exam_Questions_2023_24_page_05.png,"(a) Briefly describe what a neural network is. In your answer explain what is
meant by a deep neural network, and give two example use cases of a
neural network.
[5 marks]",,"neural network 基本概念	2024, 6 May 13:00-15:00	Q3(a)	解释 NN、deep NN，并给两个 use cases"
t11_2024_q3b,11,11. Neural Networks、FeedForward NN、Transformers,FeedForward NN 结构图,2024,6 May 13:00-15:00,Q3(b),画简单 FNN 并解释 layers 和 forward process,high,new,0,,paper/HPDA_Exam_Questions_2023_24.pdf,5,extracted/text/HPDA_Exam_Questions_2023_24_page_05.txt,extracted/images/HPDA_Exam_Questions_2023_24_page_05.png,"(b) Draw a simple FeedForward neural network. Briefly explain the layers and
the main steps of how it works.
[9 marks]",,"FeedForward NN 结构图	2024, 6 May 13:00-15:00	Q3(b)	画简单 FNN 并解释 layers 和 forward process"
t11_2024_q3c,11,11. Neural Networks、FeedForward NN、Transformers,neuron 工作原理,2024,6 May 13:00-15:00,Q3(c),解释 weighted sum、bias、activation function、non-linearity,high,new,0,,paper/HPDA_Exam_Questions_2023_24.pdf,5,extracted/text/HPDA_Exam_Questions_2023_24_page_05.txt,extracted/images/HPDA_Exam_Questions_2023_24_page_05.png,"(c) Describe how an individual neuron works. In your answer, explain how a
neuron achieves non-linear functionality.
[4 marks]",,"neuron 工作原理	2024, 6 May 13:00-15:00	Q3(c)	解释 weighted sum、bias、activation function、non-linearity"
t11_2024_q3d,11,11. Neural Networks、FeedForward NN、Transformers,NN limitations,2024,6 May 13:00-15:00,Q3(d),说明三个限制,high,new,0,,paper/HPDA_Exam_Questions_2023_24.pdf,5,extracted/text/HPDA_Exam_Questions_2023_24_page_05.txt,extracted/images/HPDA_Exam_Questions_2023_24_page_05.png,"(d) Briefly describe three limitations of neural networks.
[3 marks]",,"NN limitations	2024, 6 May 13:00-15:00	Q3(d)	说明三个限制"
t11_2024_q3e,11,11. Neural Networks、FeedForward NN、Transformers,Transformer benefits,2024,6 May 13:00-15:00,Q3(e),解释 Transformer architecture 的四个优点,high,new,0,,paper/HPDA_Exam_Questions_2023_24.pdf,5,extracted/text/HPDA_Exam_Questions_2023_24_page_05.txt,extracted/images/HPDA_Exam_Questions_2023_24_page_05.png,"(e) Briefly explain four benefits of using the Transformer Architecture.
[4 marks]",,"Transformer benefits	2024, 6 May 13:00-15:00	Q3(e)	解释 Transformer architecture 的四个优点"
